[
  {
    "bundleID": "BUN0000010",
    "ingredientID": "ING0003784",
    "quantity": "1"
  },
  {
    "bundleID": "BUN0000010",
    "ingredientID": "ING0005166",
    "quantity": "1"
  },
  {
    "bundleID": "BUN0000010",
    "ingredientID": "ING0005873",
    "quantity": "1"
  },
  {
    "bundleID": "BUN0000010",
    "ingredientID": "ING0003856",
    "quantity": "1"
  },
  {
    "bundleID": "BUN0000010",
    "ingredientID": "ING0005106",
    "quantity": "1"
  },
  {
    "bundleID": "BUN0000010",
    "ingredientID": "ING0002905",
    "quantity": "1"
  },
  {
    "bundleID": "BUN0000010",
    "ingredientID": "ING0002878",
    "quantity": "1"
  },
  {
    "bundleID": "BUN0000010",
    "ingredientID": "ING0001452",
    "quantity": "1"
  },
  {
    "bundleID": "BUN0000010",
    "ingredientID": "ING0002465",
    "quantity": "1"
  },
  {
    "bundleID": "BUN0000011",
    "ingredientID": "ING0003993",
    "quantity": "1"
  },
  {
    "bundleID": "BUN0000011",
    "ingredientID": "ING0004496",
    "quantity": "1"
  },
  {
    "bundleID": "BUN0000011",
    "ingredientID": "ING0005166",
    "quantity": "1"
  },
  {
    "bundleID": "BUN0000011",
    "ingredientID": "ING0000400",
    "quantity": "1"
  },
  {
    "bundleID": "BUN0000011",
    "ingredientID": "ING0004815",
    "quantity": "1"
  },
  {
    "bundleID": "BUN0000011",
    "ingredientID": "ING0002257",
    "quantity": "1"
  },
  {
    "bundleID": "BUN0000011",
    "ingredientID": "ING0000753",
    "quantity": "1"
  },
  {
    "bundleID": "BUN0000012",
    "ingredientID": "ING0004047",
    "quantity": "1"
  },
  {
    "bundleID": "BUN0000012",
    "ingredientID": "ING0005038",
    "quantity": "1"
  },
  {
    "bundleID": "BUN0000012",
    "ingredientID": "ING0000685",
    "quantity": "1"
  },
  {
    "bundleID": "BUN0000012",
    "ingredientID": "ING0001013",
    "quantity": "1"
  },
  {
    "bundleID": "BUN0000012",
    "ingredientID": "ING0000998",
    "quantity": "1"
  },
  {
    "bundleID": "BUN0000013",
    "ingredientID": "ING0004080",
    "quantity": "1"
  },
  {
    "bundleID": "BUN0000013",
    "ingredientID": "ING0004222",
    "quantity": "1"
  },
  {
    "bundleID": "BUN0000013",
    "ingredientID": "ING0005104",
    "quantity": "1"
  },
  {
    "bundleID": "BUN0000013",
    "ingredientID": "ING0002417",
    "quantity": "1"
  },
  {
    "bundleID": "BUN0000013",
    "ingredientID": "ING0002512",
    "quantity": "1"
  },
  {
    "bundleID": "BUN0000013",
    "ingredientID": "ING0003798",
    "quantity": "1"
  },
  {
    "bundleID": "BUN0000014",
    "ingredientID": "ING0004080",
    "quantity": "1"
  },
  {
    "bundleID": "BUN0000014",
    "ingredientID": "ING0004222",
    "quantity": "1"
  },
  {
    "bundleID": "BUN0000014",
    "ingredientID": "ING0005297",
    "quantity": "1"
  },
  {
    "bundleID": "BUN0000014",
    "ingredientID": "ING0004496",
    "quantity": "1"
  },
  {
    "bundleID": "BUN0000014",
    "ingredientID": "ING0000740",
    "quantity": "1"
  },
  {
    "bundleID": "BUN0000014",
    "ingredientID": "ING0000559",
    "quantity": "1"
  },
  {
    "bundleID": "BUN0000014",
    "ingredientID": "ING0001508",
    "quantity": "1"
  },
  {
    "bundleID": "BUN0000009",
    "ingredientID": "ING0005166",
    "quantity": "1"
  },
  {
    "bundleID": "BUN0000009",
    "ingredientID": "ING0002145",
    "quantity": "1"
  },
  {
    "bundleID": "BUN0000009",
    "ingredientID": "ING0004213",
    "quantity": "1"
  },
  {
    "bundleID": "BUN0000009",
    "ingredientID": "ING0000338",
    "quantity": "1"
  },
  {
    "bundleID": "BUN0000009",
    "ingredientID": "ING0005873",
    "quantity": "1"
  },
  {
    "bundleID": "BUN0000009",
    "ingredientID": "ING0003750",
    "quantity": "1"
  },
  {
    "bundleID": "BUN0000015",
    "ingredientID": "ING0005176",
    "quantity": "1"
  },
  {
    "bundleID": "BUN0000015",
    "ingredientID": "ING0000685",
    "quantity": "1"
  },
  {
    "bundleID": "BUN0000015",
    "ingredientID": "ING0004497",
    "quantity": "1"
  },
  {
    "bundleID": "BUN0000015",
    "ingredientID": "ING0000998",
    "quantity": "2"
  },
  {
    "bundleID": "BUN0000015",
    "ingredientID": "ING0002143",
    "quantity": "1"
  },
  {
    "bundleID": "BUN0000015",
    "ingredientID": "ING0001219",
    "quantity": "1"
  },
  {
    "bundleID": "BUN0000015",
    "ingredientID": "ING0002663",
    "quantity": "1"
  },
  {
    "bundleID": "BUN0000033",
    "ingredientID": "ING0000338",
    "quantity": "1"
  },
  {
    "bundleID": "BUN0000033",
    "ingredientID": "ING0002145",
    "quantity": "1"
  },
  {
    "bundleID": "BUN0000033",
    "ingredientID": "ING0000866",
    "quantity": "1"
  },
  {
    "bundleID": "BUN0000033",
    "ingredientID": "ING0004043",
    "quantity": "1"
  },
  {
    "bundleID": "BUN0000033",
    "ingredientID": "ING0003764",
    "quantity": "1"
  },
  {
    "bundleID": "BUN0000033",
    "ingredientID": "ING0005103",
    "quantity": "1"
  },
  {
    "bundleID": "BUN0000033",
    "ingredientID": "ING0003750",
    "quantity": "1"
  },
  {
    "bundleID": "BUN0000033",
    "ingredientID": "ING0005908",
    "quantity": "1"
  },
  {
    "bundleID": "BUN0000033",
    "ingredientID": "ING0002096",
    "quantity": "1"
  },
  {
    "bundleID": "BUN0000003",
    "ingredientID": "ING0001743",
    "quantity": "1"
  },
  {
    "bundleID": "BUN0000003",
    "ingredientID": "ING0000001",
    "quantity": "1"
  },
  {
    "bundleID": "BUN0000003",
    "ingredientID": "ING0005265",
    "quantity": "1"
  },
  {
    "bundleID": "BUN0000003",
    "ingredientID": "ING0004067",
    "quantity": "1"
  },
  {
    "bundleID": "BUN0000003",
    "ingredientID": "ING0005586",
    "quantity": "1"
  },
  {
    "bundleID": "BUN0000003",
    "ingredientID": "ING0003798",
    "quantity": "1"
  },
  {
    "bundleID": "BUN0000003",
    "ingredientID": "ING0005164",
    "quantity": "1"
  },
  {
    "bundleID": "BUN0000003",
    "ingredientID": "ING0001049",
    "quantity": "1"
  },
  {
    "bundleID": "BUN0000002",
    "ingredientID": "ING0000290",
    "quantity": "4"
  },
  {
    "bundleID": "BUN0000002",
    "ingredientID": "ING0001647",
    "quantity": "1"
  },
  {
    "bundleID": "BUN0000002",
    "ingredientID": "ING0001455",
    "quantity": "1"
  },
  {
    "bundleID": "BUN0000002",
    "ingredientID": "ING0005160",
    "quantity": "1"
  },
  {
    "bundleID": "BUN0000002",
    "ingredientID": "ING0001374",
    "quantity": "1"
  },
  {
    "bundleID": "BUN0000002",
    "ingredientID": "ING0000740",
    "quantity": "1"
  },
  {
    "bundleID": "BUN0000020",
    "ingredientID": "ING0004437",
    "quantity": "1"
  },
  {
    "bundleID": "BUN0000020",
    "ingredientID": "ING0000646",
    "quantity": "1"
  },
  {
    "bundleID": "BUN0000020",
    "ingredientID": "ING0001488",
    "quantity": "1"
  },
  {
    "bundleID": "BUN0000020",
    "ingredientID": "ING0001722",
    "quantity": "1"
  },
  {
    "bundleID": "BUN0000020",
    "ingredientID": "ING0002010",
    "quantity": "1"
  },
  {
    "bundleID": "BUN0000020",
    "ingredientID": "ING0003044",
    "quantity": "1"
  },
  {
    "bundleID": "BUN0000021",
    "ingredientID": "ING0002936",
    "quantity": "1"
  },
  {
    "bundleID": "BUN0000021",
    "ingredientID": "ING0003856",
    "quantity": "1"
  },
  {
    "bundleID": "BUN0000021",
    "ingredientID": "ING0005621",
    "quantity": "1"
  },
  {
    "bundleID": "BUN0000021",
    "ingredientID": "ING0005048",
    "quantity": "1"
  },
  {
    "bundleID": "BUN0000021",
    "ingredientID": "ING0003950",
    "quantity": "1"
  },
  {
    "bundleID": "BUN0000021",
    "ingredientID": "ING0000114",
    "quantity": "1"
  },
  {
    "bundleID": "BUN0000034",
    "ingredientID": "ING0005874",
    "quantity": "2"
  },
  {
    "bundleID": "BUN0000034",
    "ingredientID": "ING0000685",
    "quantity": "2"
  },
  {
    "bundleID": "BUN0000034",
    "ingredientID": "ING0000998",
    "quantity": "1"
  },
  {
    "bundleID": "BUN0000034",
    "ingredientID": "ING0004497",
    "quantity": "1"
  },
  {
    "bundleID": "BUN0000034",
    "ingredientID": "ING0005298",
    "quantity": "1"
  },
  {
    "bundleID": "BUN0000034",
    "ingredientID": "ING0005563",
    "quantity": "1"
  },
  {
    "bundleID": "BUN0000034",
    "ingredientID": "ING0005570",
    "quantity": "1"
  },
  {
    "bundleID": "BUN0000034",
    "ingredientID": "ING0005450",
    "quantity": "1"
  },
  {
    "bundleID": "BUN0000034",
    "ingredientID": "ING0002035",
    "quantity": "1"
  },
  {
    "bundleID": "BUN0000035",
    "ingredientID": "ING0003866",
    "quantity": "1"
  },
  {
    "bundleID": "BUN0000035",
    "ingredientID": "ING0000654",
    "quantity": "1"
  },
  {
    "bundleID": "BUN0000035",
    "ingredientID": "ING0000644",
    "quantity": "1"
  },
  {
    "bundleID": "BUN0000035",
    "ingredientID": "ING0002971",
    "quantity": "1"
  },
  {
    "bundleID": "BUN0000035",
    "ingredientID": "ING0005874",
    "quantity": "4"
  },
  {
    "bundleID": "BUN0000035",
    "ingredientID": "ING0004583",
    "quantity": "1"
  },
  {
    "bundleID": "BUN0000028",
    "ingredientID": "ING0003990",
    "quantity": "1"
  },
  {
    "bundleID": "BUN0000028",
    "ingredientID": "ING0001452",
    "quantity": "1"
  },
  {
    "bundleID": "BUN0000028",
    "ingredientID": "ING0005105",
    "quantity": "1"
  },
  {
    "bundleID": "BUN0000028",
    "ingredientID": "ING0005038",
    "quantity": "1"
  },
  {
    "bundleID": "BUN0000028",
    "ingredientID": "ING0000175",
    "quantity": "1"
  },
  {
    "bundleID": "BUN0000028",
    "ingredientID": "ING0005164",
    "quantity": "1"
  },
  {
    "bundleID": "BUN0000028",
    "ingredientID": "ING0002143",
    "quantity": "1"
  },
  {
    "bundleID": "BUN0000029",
    "ingredientID": "ING0005297",
    "quantity": "1"
  },
  {
    "bundleID": "BUN0000029",
    "ingredientID": "ING0004497",
    "quantity": "1"
  },
  {
    "bundleID": "BUN0000029",
    "ingredientID": "ING0005380",
    "quantity": "1"
  },
  {
    "bundleID": "BUN0000029",
    "ingredientID": "ING0004210",
    "quantity": "1"
  },
  {
    "bundleID": "BUN0000029",
    "ingredientID": "ING0003324",
    "quantity": "1"
  },
  {
    "bundleID": "BUN0000029",
    "ingredientID": "ING0005164",
    "quantity": "1"
  },
  {
    "bundleID": "BUN0000029",
    "ingredientID": "ING0003210",
    "quantity": "1"
  },
  {
    "bundleID": "BUN0000030",
    "ingredientID": "ING0000787",
    "quantity": "1"
  },
  {
    "bundleID": "BUN0000030",
    "ingredientID": "ING0000685",
    "quantity": "1"
  },
  {
    "bundleID": "BUN0000030",
    "ingredientID": "ING0000541",
    "quantity": "1"
  },
  {
    "bundleID": "BUN0000030",
    "ingredientID": "ING0000004",
    "quantity": "1"
  },
  {
    "bundleID": "BUN0000030",
    "ingredientID": "ING0005164",
    "quantity": "1"
  },
  {
    "bundleID": "BUN0000030",
    "ingredientID": "ING0005105",
    "quantity": "1"
  },
  {
    "bundleID": "BUN0000031",
    "ingredientID": "ING0000098",
    "quantity": "1"
  },
  {
    "bundleID": "BUN0000031",
    "ingredientID": "ING0005173",
    "quantity": "1"
  },
  {
    "bundleID": "BUN0000031",
    "ingredientID": "ING0005160",
    "quantity": "3"
  },
  {
    "bundleID": "BUN0000031",
    "ingredientID": "ING0000290",
    "quantity": "1"
  },
  {
    "bundleID": "BUN0000031",
    "ingredientID": "ING0001644",
    "quantity": "1"
  },
  {
    "bundleID": "BUN0000031",
    "ingredientID": "ING0002852",
    "quantity": "1"
  },
  {
    "bundleID": "BUN0000031",
    "ingredientID": "ING0003341",
    "quantity": "1"
  },
  {
    "bundleID": "BUN0000031",
    "ingredientID": "ING0003127",
    "quantity": "1"
  },
  {
    "bundleID": "BUN0000031",
    "ingredientID": "ING0000401",
    "quantity": "1"
  },
  {
    "bundleID": "BUN0000032",
    "ingredientID": "ING0001386",
    "quantity": "1"
  },
  {
    "bundleID": "BUN0000032",
    "ingredientID": "ING0000004",
    "quantity": "1"
  },
  {
    "bundleID": "BUN0000032",
    "ingredientID": "ING0003341",
    "quantity": "1"
  },
  {
    "bundleID": "BUN0000032",
    "ingredientID": "ING0005587",
    "quantity": "1"
  },
  {
    "bundleID": "BUN0000032",
    "ingredientID": "ING0004762",
    "quantity": "1"
  },
  {
    "bundleID": "BUN0000032",
    "ingredientID": "ING0000035",
    "quantity": "1"
  },
  {
    "bundleID": "BUN0000025",
    "ingredientID": "ING0005164",
    "quantity": "1"
  },
  {
    "bundleID": "BUN0000025",
    "ingredientID": "ING0004008",
    "quantity": "1"
  },
  {
    "bundleID": "BUN0000025",
    "ingredientID": "ING0000001",
    "quantity": "1"
  },
  {
    "bundleID": "BUN0000024",
    "ingredientID": "ING0004497",
    "quantity": "2"
  },
  {
    "bundleID": "BUN0000024",
    "ingredientID": "ING0002145",
    "quantity": "1"
  },
  {
    "bundleID": "BUN0000024",
    "ingredientID": "ING0005875",
    "quantity": "1"
  },
  {
    "bundleID": "BUN0000024",
    "ingredientID": "ING0004528",
    "quantity": "2"
  },
  {
    "bundleID": "BUN0000024",
    "ingredientID": "ING0005840",
    "quantity": "1"
  },
  {
    "bundleID": "BUN0000024",
    "ingredientID": "ING0001389",
    "quantity": "3"
  },
  {
    "bundleID": "BUN0000024",
    "ingredientID": "ING0004527",
    "quantity": "1"
  },
  {
    "bundleID": "BUN0000024",
    "ingredientID": "ING0004563",
    "quantity": "1"
  },
  {
    "bundleID": "BUN0000024",
    "ingredientID": "ING0000685",
    "quantity": "1"
  },
  {
    "bundleID": "BUN0000023",
    "ingredientID": "ING0004047",
    "quantity": "1"
  },
  {
    "bundleID": "BUN0000023",
    "ingredientID": "ING0005189",
    "quantity": "2"
  },
  {
    "bundleID": "BUN0000023",
    "ingredientID": "ING0000060",
    "quantity": "1"
  },
  {
    "bundleID": "BUN0000023",
    "ingredientID": "ING0000545",
    "quantity": "2"
  },
  {
    "bundleID": "BUN0000023",
    "ingredientID": "ING0001764",
    "quantity": "1"
  },
  {
    "bundleID": "BUN0000008",
    "ingredientID": "ING0000958",
    "quantity": "1"
  },
  {
    "bundleID": "BUN0000008",
    "ingredientID": "ING0000963",
    "quantity": "1"
  },
  {
    "bundleID": "BUN0000008",
    "ingredientID": "ING0000961",
    "quantity": "1"
  },
  {
    "bundleID": "BUN0000008",
    "ingredientID": "ING0004009",
    "quantity": "1"
  },
  {
    "bundleID": "BUN0000008",
    "ingredientID": "ING0004528",
    "quantity": "3"
  },
  {
    "bundleID": "BUN0000008",
    "ingredientID": "ING0004527",
    "quantity": "1"
  },
  {
    "bundleID": "BUN0000008",
    "ingredientID": "ING0004496",
    "quantity": "1"
  },
  {
    "bundleID": "BUN0000008",
    "ingredientID": "ING0002260",
    "quantity": "2"
  },
  {
    "bundleID": "BUN0000008",
    "ingredientID": "ING0001551",
    "quantity": "1"
  },
  {
    "bundleID": "BUN0000008",
    "ingredientID": "ING0002926",
    "quantity": "1"
  },
  {
    "bundleID": "BUN0000007",
    "ingredientID": "ING0005176",
    "quantity": "1"
  },
  {
    "bundleID": "BUN0000007",
    "ingredientID": "ING0004528",
    "quantity": "1"
  },
  {
    "bundleID": "BUN0000007",
    "ingredientID": "ING0001389",
    "quantity": "1"
  },
  {
    "bundleID": "BUN0000007",
    "ingredientID": "ING0004496",
    "quantity": "1"
  },
  {
    "bundleID": "BUN0000007",
    "ingredientID": "ING0005427",
    "quantity": "1"
  },
  {
    "bundleID": "BUN0000007",
    "ingredientID": "ING0003613",
    "quantity": "1"
  },
  {
    "bundleID": "BUN0000007",
    "ingredientID": "ING0000207",
    "quantity": "1"
  },
  {
    "bundleID": "BUN0000000",
    "ingredientID": "ING0001173",
    "quantity": "1"
  },
  {
    "bundleID": "BUN0000000",
    "ingredientID": "ING0000290",
    "quantity": "1"
  },
  {
    "bundleID": "BUN0000000",
    "ingredientID": "ING0001740",
    "quantity": "1"
  },
  {
    "bundleID": "BUN0000000",
    "ingredientID": "ING0001647",
    "quantity": "1"
  },
  {
    "bundleID": "BUN0000000",
    "ingredientID": "ING0000378",
    "quantity": "1"
  },
  {
    "bundleID": "BUN0000001",
    "ingredientID": "ING0004382",
    "quantity": "1"
  },
  {
    "bundleID": "BUN0000001",
    "ingredientID": "ING0000290",
    "quantity": "1"
  },
  {
    "bundleID": "BUN0000001",
    "ingredientID": "ING0001740",
    "quantity": "1"
  },
  {
    "bundleID": "BUN0000001",
    "ingredientID": "ING0001647",
    "quantity": "1"
  },
  {
    "bundleID": "BUN0000001",
    "ingredientID": "ING0005415",
    "quantity": "1"
  },
  {
    "bundleID": "BUN0000001",
    "ingredientID": "ING0000378",
    "quantity": "1"
  },
  {
    "bundleID": "BUN0000001",
    "ingredientID": "ING0003291",
    "quantity": "1"
  },
  {
    "bundleID": "BUN0000017",
    "ingredientID": "ING0005166",
    "quantity": "1"
  },
  {
    "bundleID": "BUN0000017",
    "ingredientID": "ING0003310",
    "quantity": "1"
  },
  {
    "bundleID": "BUN0000017",
    "ingredientID": "ING0001020",
    "quantity": "2"
  },
  {
    "bundleID": "BUN0000017",
    "ingredientID": "ING0002884",
    "quantity": "1"
  },
  {
    "bundleID": "BUN0000017",
    "ingredientID": "ING0005840",
    "quantity": "1"
  },
  {
    "bundleID": "BUN0000017",
    "ingredientID": "ING0002145",
    "quantity": "1"
  },
  {
    "bundleID": "BUN0000019",
    "ingredientID": "ING0004851",
    "quantity": "1"
  },
  {
    "bundleID": "BUN0000019",
    "ingredientID": "ING0004663",
    "quantity": "1"
  },
  {
    "bundleID": "BUN0000019",
    "ingredientID": "ING0004758",
    "quantity": "1"
  },
  {
    "bundleID": "BUN0000019",
    "ingredientID": "ING0004644",
    "quantity": "1"
  },
  {
    "bundleID": "BUN0000022",
    "ingredientID": "ING0003973",
    "quantity": "1"
  },
  {
    "bundleID": "BUN0000022",
    "ingredientID": "ING0002994",
    "quantity": "1"
  },
  {
    "bundleID": "BUN0000022",
    "ingredientID": "ING0003048",
    "quantity": "1"
  },
  {
    "bundleID": "BUN0000022",
    "ingredientID": "ING0000680",
    "quantity": "1"
  },
  {
    "bundleID": "BUN0000004",
    "ingredientID": "ING0005164",
    "quantity": "1"
  },
  {
    "bundleID": "BUN0000004",
    "ingredientID": "ING0000001",
    "quantity": "1"
  },
  {
    "bundleID": "BUN0000004",
    "ingredientID": "ING0002031",
    "quantity": "1"
  },
  {
    "bundleID": "BUN0000004",
    "ingredientID": "ING0001606",
    "quantity": "1"
  },
  {
    "bundleID": "BUN0000004",
    "ingredientID": "ING0000752",
    "quantity": "1"
  },
  {
    "bundleID": "BUN0000004",
    "ingredientID": "ING0000541",
    "quantity": "1"
  },
  {
    "bundleID": "BUN0000004",
    "ingredientID": "ING0002195",
    "quantity": "1"
  },
  {
    "bundleID": "BUN0000016",
    "ingredientID": "ING0004043",
    "quantity": "1"
  },
  {
    "bundleID": "BUN0000016",
    "ingredientID": "ING0004754",
    "quantity": "1"
  },
  {
    "bundleID": "BUN0000016",
    "ingredientID": "ING0000864",
    "quantity": "1"
  },
  {
    "bundleID": "BUN0000016",
    "ingredientID": "ING0000685",
    "quantity": "1"
  },
  {
    "bundleID": "BUN0000016",
    "ingredientID": "ING0000998",
    "quantity": "1"
  },
  {
    "bundleID": "BUN0000016",
    "ingredientID": "ING0005840",
    "quantity": "1"
  },
  {
    "bundleID": "BUN0000027",
    "ingredientID": "ING0004825",
    "quantity": "1"
  },
  {
    "bundleID": "BUN0000027",
    "ingredientID": "ING0002824",
    "quantity": "1"
  },
  {
    "bundleID": "BUN0000027",
    "ingredientID": "ING0002878",
    "quantity": "2"
  },
  {
    "bundleID": "BUN0000027",
    "ingredientID": "ING0000735",
    "quantity": "3"
  },
  {
    "bundleID": "BUN0000027",
    "ingredientID": "ING0005436",
    "quantity": "1"
  },
  {
    "bundleID": "BUN0000027",
    "ingredientID": "ING0005038",
    "quantity": "1"
  },
  {
    "bundleID": "BUN0000027",
    "ingredientID": "ING0000338",
    "quantity": "2"
  },
  {
    "bundleID": "BUN0000027",
    "ingredientID": "ING0002031",
    "quantity": "1"
  },
  {
    "bundleID": "BUN0000027",
    "ingredientID": "ING0003448",
    "quantity": "1"
  },
  {
    "bundleID": "BUN0000027",
    "ingredientID": "ING0004213",
    "quantity": "1"
  },
  {
    "bundleID": "BUN0000027",
    "ingredientID": "ING0000968",
    "quantity": "1"
  },
  {
    "bundleID": "BUN0000027",
    "ingredientID": "ING0004901",
    "quantity": "1"
  },
  {
    "bundleID": "BUN0000027",
    "ingredientID": "ING0002841",
    "quantity": "1"
  },
  {
    "bundleID": "BUN0000036",
    "ingredientID": "ING0004485",
    "quantity": "1"
  },
  {
    "bundleID": "BUN0000036",
    "ingredientID": "ING0004824",
    "quantity": "1"
  },
  {
    "bundleID": "BUN0000036",
    "ingredientID": "ING0005126",
    "quantity": "1"
  },
  {
    "bundleID": "BUN0000036",
    "ingredientID": "ING0003418",
    "quantity": "1"
  },
  {
    "bundleID": "BUN0000036",
    "ingredientID": "ING0000207",
    "quantity": "1"
  },
  {
    "bundleID": "BUN0000036",
    "ingredientID": "ING0001221",
    "quantity": "1"
  },
  {
    "bundleID": "BUN0000036",
    "ingredientID": "ING0005380",
    "quantity": "1"
  },
  {
    "bundleID": "BUN0000037",
    "ingredientID": "ING0000998",
    "quantity": "1"
  },
  {
    "bundleID": "BUN0000037",
    "ingredientID": "ING0001725",
    "quantity": "1"
  },
  {
    "bundleID": "BUN0000037",
    "ingredientID": "ING0001926",
    "quantity": "1"
  },
  {
    "bundleID": "BUN0000037",
    "ingredientID": "ING0001508",
    "quantity": "1"
  },
  {
    "bundleID": "BUN0000037",
    "ingredientID": "ING0005436",
    "quantity": "1"
  },
  {
    "bundleID": "BUN0000037",
    "ingredientID": "ING0004043",
    "quantity": "1"
  },
  {
    "bundleID": "BUN0000037",
    "ingredientID": "ING0000303",
    "quantity": "1"
  },
  {
    "bundleID": "BUN0000037",
    "ingredientID": "ING0004208",
    "quantity": "1"
  },
  {
    "bundleID": "BUN0000037",
    "ingredientID": "ING0002481",
    "quantity": "1"
  },
  {
    "bundleID": "BUN0000037",
    "ingredientID": "ING0005103",
    "quantity": "1"
  },
  {
    "bundleID": "BUN0000038",
    "ingredientID": "ING0004007",
    "quantity": "1"
  },
  {
    "bundleID": "BUN0000038",
    "ingredientID": "ING0002823",
    "quantity": "1"
  },
  {
    "bundleID": "BUN0000038",
    "ingredientID": "ING0004527",
    "quantity": "3"
  },
  {
    "bundleID": "BUN0000038",
    "ingredientID": "ING0004623",
    "quantity": "1"
  },
  {
    "bundleID": "BUN0000038",
    "ingredientID": "ING0003750",
    "quantity": "1"
  },
  {
    "bundleID": "BUN0000039",
    "ingredientID": "ING0000598",
    "quantity": "1"
  },
  {
    "bundleID": "BUN0000039",
    "ingredientID": "ING0003491",
    "quantity": "1"
  },
  {
    "bundleID": "BUN0000039",
    "ingredientID": "ING0000998",
    "quantity": "1"
  },
  {
    "bundleID": "BUN0000039",
    "ingredientID": "ING0004043",
    "quantity": "1"
  },
  {
    "bundleID": "BUN0000039",
    "ingredientID": "ING0001752",
    "quantity": "1"
  },
  {
    "bundleID": "BUN0000039",
    "ingredientID": "ING0003931",
    "quantity": "1"
  },
  {
    "bundleID": "BUN0000040",
    "ingredientID": "ING0004834",
    "quantity": "1"
  },
  {
    "bundleID": "BUN0000040",
    "ingredientID": "ING0000968",
    "quantity": "1"
  },
  {
    "bundleID": "BUN0000040",
    "ingredientID": "ING0005840",
    "quantity": "1"
  },
  {
    "bundleID": "BUN0000040",
    "ingredientID": "ING0004486",
    "quantity": "2"
  },
  {
    "bundleID": "BUN0000040",
    "ingredientID": "ING0003316",
    "quantity": "1"
  },
  {
    "bundleID": "BUN0000040",
    "ingredientID": "ING0003253",
    "quantity": "1"
  },
  {
    "bundleID": "BUN0000040",
    "ingredientID": "ING0003245",
    "quantity": "1"
  },
  {
    "bundleID": "BUN0000040",
    "ingredientID": "ING0003237",
    "quantity": "1"
  },
  {
    "bundleID": "BUN0000040",
    "ingredientID": "ING0001028",
    "quantity": "1"
  },
  {
    "bundleID": "BUN0000040",
    "ingredientID": "ING0002867",
    "quantity": "1"
  },
  {
    "bundleID": "BUN0000041",
    "ingredientID": "ING0000998",
    "quantity": "1"
  },
  {
    "bundleID": "BUN0000041",
    "ingredientID": "ING0004497",
    "quantity": "1"
  },
  {
    "bundleID": "BUN0000041",
    "ingredientID": "ING0005298",
    "quantity": "1"
  },
  {
    "bundleID": "BUN0000041",
    "ingredientID": "ING0002003",
    "quantity": "1"
  },
  {
    "bundleID": "BUN0000041",
    "ingredientID": "ING0003242",
    "quantity": "1"
  },
  {
    "bundleID": "BUN0000041",
    "ingredientID": "ING0005436",
    "quantity": "1"
  },
  {
    "bundleID": "BUN0000041",
    "ingredientID": "ING0005176",
    "quantity": "1"
  },
  {
    "bundleID": "BUN0000041",
    "ingredientID": "ING0002992",
    "quantity": "1"
  },
  {
    "bundleID": "BUN0000041",
    "ingredientID": "ING0005570",
    "quantity": "1"
  },
  {
    "bundleID": "BUN0000041",
    "ingredientID": "ING0002979",
    "quantity": "1"
  },
  {
    "bundleID": "BUN0000041",
    "ingredientID": "ING0001221",
    "quantity": "1"
  },
  {
    "bundleID": "BUN0000042",
    "ingredientID": "ING0005436",
    "quantity": "1"
  },
  {
    "bundleID": "BUN0000042",
    "ingredientID": "ING0003868",
    "quantity": "1"
  },
  {
    "bundleID": "BUN0000042",
    "ingredientID": "ING0005651",
    "quantity": "1"
  },
  {
    "bundleID": "BUN0000042",
    "ingredientID": "ING0000508",
    "quantity": "1"
  },
  {
    "bundleID": "BUN0000042",
    "ingredientID": "ING0002878",
    "quantity": "1"
  },
  {
    "bundleID": "BUN0000042",
    "ingredientID": "ING0002213",
    "quantity": "1"
  },
  {
    "bundleID": "BUN0000042",
    "ingredientID": "ING0001716",
    "quantity": "1"
  },
  {
    "bundleID": "BUN0000042",
    "ingredientID": "ING0002143",
    "quantity": "2"
  },
  {
    "bundleID": "BUN0000042",
    "ingredientID": "ING0005176",
    "quantity": "1"
  },
  {
    "bundleID": "BUN0000042",
    "ingredientID": "ING0001221",
    "quantity": "1"
  },
  {
    "bundleID": "BUN0000018",
    "ingredientID": "ING0004212",
    "quantity": "1"
  },
  {
    "bundleID": "BUN0000018",
    "ingredientID": "ING0000322",
    "quantity": "1"
  },
  {
    "bundleID": "BUN0000018",
    "ingredientID": "ING0001913",
    "quantity": "1"
  },
  {
    "bundleID": "BUN0000018",
    "ingredientID": "ING0002742",
    "quantity": "1"
  },
  {
    "bundleID": "BUN0000018",
    "ingredientID": "ING0003750",
    "quantity": "1"
  },
  {
    "bundleID": "BUN0000018",
    "ingredientID": "ING0004623",
    "quantity": "1"
  },
  {
    "bundleID": "BUN0000006",
    "ingredientID": "ING0004007",
    "quantity": "1"
  },
  {
    "bundleID": "BUN0000006",
    "ingredientID": "ING0001374",
    "quantity": "1"
  },
  {
    "bundleID": "BUN0000006",
    "ingredientID": "ING0005314",
    "quantity": "1"
  },
  {
    "bundleID": "BUN0000006",
    "ingredientID": "ING0001551",
    "quantity": "1"
  },
  {
    "bundleID": "BUN0000006",
    "ingredientID": "ING0003950",
    "quantity": "1"
  },
  {
    "bundleID": "BUN0000006",
    "ingredientID": "ING0001908",
    "quantity": "4"
  },
  {
    "bundleID": "BUN0000026",
    "ingredientID": "ING0000521",
    "quantity": "1"
  },
  {
    "bundleID": "BUN0000026",
    "ingredientID": "ING0004909",
    "quantity": "1"
  },
  {
    "bundleID": "BUN0000026",
    "ingredientID": "ING0004665",
    "quantity": "1"
  },
  {
    "bundleID": "BUN0000026",
    "ingredientID": "ING0000526",
    "quantity": "1"
  },
  {
    "bundleID": "BUN0000026",
    "ingredientID": "ING0001595",
    "quantity": "1"
  },
  {
    "bundleID": "BUN0000026",
    "ingredientID": "ING0001585",
    "quantity": "1"
  },
  {
    "bundleID": "BUN0000026",
    "ingredientID": "ING0001586",
    "quantity": "1"
  },
  {
    "bundleID": "BUN0000026",
    "ingredientID": "ING0000235",
    "quantity": "1"
  }
]
