[
  {
    "bundleID": "BUN0000000",
    "bundleTypeID": "BTP0000000",
    "categoryID": "BCT0000000",
    "bundleName": "Yogurt, Fruit, Granola",
    "imageNameSelected": "eb_White_Yogurt_Fruit_Granola.png",
    "imageNameUnselected": "eb_Red_Yogurt_Fruit_Granola.png",
    "Votes": ""
  },
  {
    "bundleID": "BUN0000001",
    "bundleTypeID": "BTP0000000",
    "categoryID": "BCT0000000",
    "bundleName": "Oatmeal and Toppings",
    "imageNameSelected": "eb_White_OatMealAndToppings.png",
    "imageNameUnselected": "eb_Red_OatMealAndToppings.png",
    "Votes": 1
  },
  {
    "bundleID": "BUN0000002",
    "bundleTypeID": "BTP0000000",
    "categoryID": "BCT0000000",
    "bundleName": "Morning Smoothie",
    "imageNameSelected": "eb_White_Smoothie.png",
    "imageNameUnselected": "eb_Red_Smoothie.png",
    "Votes": 1
  },
  {
    "bundleID": "BUN0000003",
    "bundleTypeID": "BTP0000000",
    "categoryID": "BCT0000000",
    "bundleName": "Breakfast Basics",
    "imageNameSelected": "eb_White_Breakfast_Basics.png",
    "imageNameUnselected": "eb_Red_Breakfast_Basics.png",
    "Votes": 1
  },
  {
    "bundleID": "BUN0000004",
    "bundleTypeID": "BTP0000000",
    "categoryID": "BCT0000000",
    "bundleName": "Pancakes",
    "imageNameSelected": "eb_White_Pancakes.png",
    "imageNameUnselected": "eb_Red_Pancakes.png",
    "Votes": 1
  },
  {
    "bundleID": "BUN0000006",
    "bundleTypeID": "BTP0000000",
    "categoryID": "BCT0000001",
    "bundleName": "Kids Lunch Box",
    "imageNameSelected": "eb_White_Kids_Lunch_Box.png",
    "imageNameUnselected": "eb_Red_Kids_Lunch_Box.png",
    "Votes": 1
  },
  {
    "bundleID": "BUN0000007",
    "bundleTypeID": "BTP0000000",
    "categoryID": "BCT0000001",
    "bundleName": "Garden Salad (Protein Optional)",
    "imageNameSelected": "eb_White_Garden_Salad.png",
    "imageNameUnselected": "eb_Red_Garden_Salad.png",
    "Votes": 1
  },
  {
    "bundleID": "BUN0000008",
    "bundleTypeID": "BTP0000000",
    "categoryID": "BCT0000001",
    "bundleName": "Soup and Sandwich",
    "imageNameSelected": "eb_White_Soup_And_Sandwich.png",
    "imageNameUnselected": "eb_Red_Soup_And_Sandwich.png",
    "Votes": 2
  },
  {
    "bundleID": "BUN0000009",
    "bundleTypeID": "BTP0000000",
    "categoryID": "BCT0000002",
    "bundleName": "Spaghetti and Meat Sauce",
    "imageNameSelected": "eb_White_Spaghetti_And_Meat_Sauce.png",
    "imageNameUnselected": "eb_Red_Spaghetti_And_Meat_Sauce.png",
    "Votes": ""
  },
  {
    "bundleID": "BUN0000010",
    "bundleTypeID": "BTP0000000",
    "categoryID": "BCT0000002",
    "bundleName": "Taco Night",
    "imageNameSelected": "eb_White_Taco_Night.png",
    "imageNameUnselected": "eb_Red_Taco_Night.png",
    "Votes": 3
  },
  {
    "bundleID": "BUN0000011",
    "bundleTypeID": "BTP0000000",
    "categoryID": "BCT0000002",
    "bundleName": "Hamburgers with Fixins",
    "imageNameSelected": "eb_White_Burger_Fixins.png",
    "imageNameUnselected": "eb_Red_Burger_Fixins.png",
    "Votes": 3
  },
  {
    "bundleID": "BUN0000012",
    "bundleTypeID": "BTP0000000",
    "categoryID": "BCT0000002",
    "bundleName": "Baked Chicken, Potatoes and Veggies",
    "imageNameSelected": "eb_White_Chicken_Potatoes_Veggies.png",
    "imageNameUnselected": "eb_Red_Chicken_Potatoes_Veggies.png",
    "Votes": 2
  },
  {
    "bundleID": "BUN0000013",
    "bundleTypeID": "BTP0000000",
    "categoryID": "BCT0000002",
    "bundleName": "Homemade Meat Lovers Pizza",
    "imageNameSelected": "eb_White_Meat_Lover_Pizza.png",
    "imageNameUnselected": "eb_Red_Meat_Lover_Pizza.png",
    "Votes": 1
  },
  {
    "bundleID": "BUN0000014",
    "bundleTypeID": "BTP0000000",
    "categoryID": "BCT0000002",
    "bundleName": "Homemade Veggie Pizza",
    "imageNameSelected": "eb_White_Pizza_Veggie.png",
    "imageNameUnselected": "eb_Red_Pizza_Veggie.png",
    "Votes": 2
  },
  {
    "bundleID": "BUN0000015",
    "bundleTypeID": "BTP0000000",
    "categoryID": "BCT0000002",
    "bundleName": "Stir Fry",
    "imageNameSelected": "eb_White_Stir_Fry.png",
    "imageNameUnselected": "eb_Red_Stir_Fry.png",
    "Votes": 1
  },
  {
    "bundleID": "BUN0000016",
    "bundleTypeID": "BTP0000000",
    "categoryID": "BCT0000002",
    "bundleName": "Chicken and Rice Casserole",
    "imageNameSelected": "eb_White_Chicken_Rice_Casserole.png",
    "imageNameUnselected": "eb_Red_Chicken_Rice_Casserole.png",
    "Votes": 2
  },
  {
    "bundleID": "BUN0000017",
    "bundleTypeID": "BTP0000000",
    "categoryID": "BCT0000002",
    "bundleName": "Chilli",
    "imageNameSelected": "eb_White_Chilli.png",
    "imageNameUnselected": "eb_Red_Chilli.png",
    "Votes": 2
  },
  {
    "bundleID": "BUN0000018",
    "bundleTypeID": "BTP0000000",
    "categoryID": "BCT0000002",
    "bundleName": "Lasagna",
    "imageNameSelected": "eb_White_Lasagna.png",
    "imageNameUnselected": "eb_Red_Lasagna.png",
    "Votes": ""
  },
  {
    "bundleID": "BUN0000019",
    "bundleTypeID": "BTP0000000",
    "categoryID": "BCT0000002",
    "bundleName": "Rotisserie Chicken and Deli Sides",
    "imageNameSelected": "eb_White_Rotisserie_Chicken.png",
    "imageNameUnselected": "eb_Red_Rotisserie_Chicken.png",
    "Votes": ""
  },
  {
    "bundleID": "BUN0000020",
    "bundleTypeID": "BTP0000000",
    "categoryID": "BCT0000003",
    "bundleName": "Household Items",
    "imageNameSelected": "eb_White_Household.png",
    "imageNameUnselected": "eb_Red_Household.png",
    "Votes": 2
  },
  {
    "bundleID": "BUN0000021",
    "bundleTypeID": "BTP0000000",
    "categoryID": "BCT0000003",
    "bundleName": "Weekly Snacks",
    "imageNameSelected": "eb_White_Weekly_Snacks.png",
    "imageNameUnselected": "eb_Red_Weekly_Snacks.png",
    "Votes": 2
  },
  {
    "bundleID": "BUN0000022",
    "bundleTypeID": "BTP0000000",
    "categoryID": "BCT0000003",
    "bundleName": "Sweet Treats",
    "imageNameSelected": "eb_White_Sweet_Treats.png",
    "imageNameUnselected": "eb_Red_Sweet_Treats.png",
    "Votes": 1
  },
  {
    "bundleID": "BUN0000023",
    "bundleTypeID": "BTP0000000",
    "categoryID": "BCT0000003",
    "bundleName": "Every Week Meat Stock Up",
    "imageNameSelected": "eb_White_Week_Meat_Stock_Up.png",
    "imageNameUnselected": "eb_Red_Week_Meat_Stock_Up.png",
    "Votes": 1
  },
  {
    "bundleID": "BUN0000024",
    "bundleTypeID": "BTP0000000",
    "categoryID": "BCT0000003",
    "bundleName": "Every Week Produce Stock Up",
    "imageNameSelected": "eb_White_Week_Produce_Stock_Up.png",
    "imageNameUnselected": "eb_Red_Week_Produce_Stock_Up.png",
    "Votes": 2
  },
  {
    "bundleID": "BUN0000025",
    "bundleTypeID": "BTP0000000",
    "categoryID": "BCT0000003",
    "bundleName": "The Staples - Eggs, Milk, Bread",
    "imageNameSelected": "eb_White_Eggs_Milk_Bread.png",
    "imageNameUnselected": "eb_Red_Eggs_Milk_Bread.png",
    "Votes": 2
  },
  {
    "bundleID": "BUN0000026",
    "bundleTypeID": "BTP0000000",
    "categoryID": "BCT0000003",
    "bundleName": "Freezer Stock Up",
    "imageNameSelected": "eb_White_Freezer_Stock_Up.png",
    "imageNameUnselected": "eb_Red_Freezer_Stock_Up.png",
    "Votes": ""
  },
  {
    "bundleID": "BUN0000027",
    "bundleTypeID": "BTP0000000",
    "categoryID": "BCT0000003",
    "bundleName": "Pantry Stock Up",
    "imageNameSelected": "eb_White_Pantry_Stock_Up.png",
    "imageNameUnselected": "eb_Red_Pantry_Stock_Up.png",
    "Votes": 3
  },
  {
    "bundleID": "BUN0000028",
    "bundleTypeID": "BTP0000001",
    "categoryID": "BCT0000000",
    "bundleName": "Farmer's Breakfast Tart",
    "imageNameSelected": "BUN0000028.jpg",
    "imageNameUnselected": "BUN0000028.jpg",
    "Votes": ""
  },
  {
    "bundleID": "BUN0000029",
    "bundleTypeID": "BTP0000001",
    "categoryID": "BCT0000000",
    "bundleName": "Easy & Delicious Shakshuka",
    "imageNameSelected": "BUN0000029.jpg",
    "imageNameUnselected": "BUN0000029.jpg",
    "Votes": ""
  },
  {
    "bundleID": "BUN0000030",
    "bundleTypeID": "BTP0000001",
    "categoryID": "BCT0000000",
    "bundleName": "Mini Cheddar and Broccoli Quiches",
    "imageNameSelected": "BUN0000030.jpg",
    "imageNameUnselected": "BUN0000030.jpg",
    "Votes": ""
  },
  {
    "bundleID": "BUN0000031",
    "bundleTypeID": "BTP0000001",
    "categoryID": "BCT0000000",
    "bundleName": "Power Breakfast Bowl",
    "imageNameSelected": "BUN0000031.jpg",
    "imageNameUnselected": "BUN0000031.jpg",
    "Votes": ""
  },
  {
    "bundleID": "BUN0000032",
    "bundleTypeID": "BTP0000001",
    "categoryID": "BCT0000000",
    "bundleName": "French Toast Swirl Sticks",
    "imageNameSelected": "BUN0000032.jpg",
    "imageNameUnselected": "BUN0000032.jpg",
    "Votes": ""
  },
  {
    "bundleID": "BUN0000033",
    "bundleTypeID": "BTP0000001",
    "categoryID": "BCT0000002",
    "bundleName": "Chicken and Pasta Primavera",
    "imageNameSelected": "BUN0000033.jpg",
    "imageNameUnselected": "BUN0000033.jpg",
    "Votes": ""
  },
  {
    "bundleID": "BUN0000034",
    "bundleTypeID": "BTP0000001",
    "categoryID": "BCT0000002",
    "bundleName": "Vegetable Curry over Jasmine Rice",
    "imageNameSelected": "BUN0000034.jpg",
    "imageNameUnselected": "BUN0000034.jpg",
    "Votes": ""
  },
  {
    "bundleID": "BUN0000035",
    "bundleTypeID": "BTP0000001",
    "categoryID": "BCT0000002",
    "bundleName": "Slow Cooked Carolina Beef Short Ribs",
    "imageNameSelected": "BUN0000035.jpg",
    "imageNameUnselected": "BUN0000035.jpg",
    "Votes": ""
  },
  {
    "bundleID": "BUN0000036",
    "bundleTypeID": "BTP0000001",
    "categoryID": "BCT0000002",
    "bundleName": "Fish Tacos with Citrus Pineapple Sauce",
    "imageNameSelected": "BUN0000036.jpg",
    "imageNameUnselected": "BUN0000036.jpg",
    "Votes": ""
  },
  {
    "bundleID": "BUN0000037",
    "bundleTypeID": "BTP0000001",
    "categoryID": "BCT0000002",
    "bundleName": "Soul Warming Italian Style Chicken Noodle Soup",
    "imageNameSelected": "BUN0000037.jpg",
    "imageNameUnselected": "BUN0000037.jpg",
    "Votes": ""
  },
  {
    "bundleID": "BUN0000038",
    "bundleTypeID": "BTP0000001",
    "categoryID": "BCT0000001",
    "bundleName": "Margherita Open-Faced Sandwich",
    "imageNameSelected": "BUN0000038.jpg",
    "imageNameUnselected": "BUN0000038.jpg",
    "Votes": ""
  },
  {
    "bundleID": "BUN0000039",
    "bundleTypeID": "BTP0000001",
    "categoryID": "BCT0000001",
    "bundleName": "Buffalo Chicken Salad Sliders",
    "imageNameSelected": "BUN0000039.jpg",
    "imageNameUnselected": "BUN0000039.jpg",
    "Votes": ""
  },
  {
    "bundleID": "BUN0000040",
    "bundleTypeID": "BTP0000001",
    "categoryID": "BCT0000001",
    "bundleName": "Indian Dal",
    "imageNameSelected": "BUN0000040.jpg",
    "imageNameUnselected": "BUN0000040.jpg",
    "Votes": ""
  },
  {
    "bundleID": "BUN0000041",
    "bundleTypeID": "BTP0000001",
    "categoryID": "BCT0000001",
    "bundleName": "Thai Chicken and Vegetable Soup",
    "imageNameSelected": "BUN0000041.jpg",
    "imageNameUnselected": "BUN0000041.jpg",
    "Votes": ""
  },
  {
    "bundleID": "BUN0000042",
    "bundleTypeID": "BTP0000001",
    "categoryID": "BCT0000001",
    "bundleName": "Protein Quinoa Bowls with Avocado and Black Beans",
    "imageNameSelected": "BUN0000042.jpg",
    "imageNameUnselected": "BUN0000042.jpg",
    "Votes": ""
  }
]
