[
  {
    "bundleTyeID": "BTP0000000",
    "categoryID": "BCT0000000"
  },
  {
    "bundleTyeID": "BTP0000000",
    "categoryID": "BCT0000001"
  },
  {
    "bundleTyeID": "BTP0000000",
    "categoryID": "BCT0000002"
  },
  {
    "bundleTyeID": "BTP0000000",
    "categoryID": "BCT0000003"
  },
  {
    "bundleTyeID": "BTP0000000",
    "categoryID": "BCT0000004"
  },
  {
    "bundleTyeID": "BTP0000001",
    "categoryID": "BCT0000000"
  },
  {
    "bundleTyeID": "BTP0000001",
    "categoryID": "BCT0000001"
  },
  {
    "bundleTyeID": "BTP0000001",
    "categoryID": "BCT0000002"
  }
]
